INSERT  INTO `categorias`(id, titulo,descripcion,url_Imagen) VALUES 
(1,'Suspenso','Género que mantiene al espectador en constante tensión y expectativa, a través de giros inesperados, misterios y situaciones peligrosas.','urlImg'),
(2,'Terror','Provoca miedo y susto en el público, utilizando elementos como monstruos, asesinos, fenómenos sobrenaturales y situaciones aterradoras.','urlImg'),
(3,'Drama','Se enfoca en la exploración emocional y las relaciones humanas, presentando conflictos y desafíos que llevan a reflexionar sobre la condición humana.','urlImg'),
(4,'Aventura','Transporta al espectador a lugares exóticos y emocionantes, llenos de peligros y desafíos, donde los protagonistas buscan lograr una meta o superar obstáculos.','urlImg'),
(5,'Fantasía','Combina elementos imaginativos y mágicos en un mundo ficticio, donde suceden cosas que no son posibles en la realidad, creando mundos y criaturas fascinantes.','urlImg'),
(6,'Familia','Orientado a audiencias de todas las edades, ofrece entretenimiento y mensajes positivos que promueven los valores familiares y las relaciones intergeneracionales.','urlImg'),
(7,'Romance','Destaca las relaciones amorosas y sentimentales, centrándose en los encuentros y desencuentros de parejas, con énfasis en la pasión y el romanticismo.','urlImg'),
(8,'Comedia infantil animada','Dirigida a los más jóvenes, utiliza animación y humor para contar historias divertidas y ligeras, con personajes coloridos y situaciones cómicas.','urlImg'),
(9,'Musical','Encantadoras historias entrelazadas con canciones y coreografías que despiertan emociones y transportan al espectador a un mundo lleno de melodía y baile.','urlImg'),
(10,'Comedia dramática','Combina humor y situaciones conmovedoras para explorar la vida cotidiana y las relaciones humanas, generando risas y reflexiones a la vez.','urlImg'),
(11,'Ciencia ficción','Deslumbra con visiones futuristas y conceptos científicos imaginativos, donde la tecnología, extraterrestres y mundos alternativos crean una experiencia fascinante.','urlImg'),
(12,'Comedia','Ofrece risas y entretenimiento a través de situaciones divertidas, diálogos ingeniosos y personajes cómicos, brindando un escape ligero y divertido.','urlImg'),
(13,'Comedia romántica','Combina romance y humor en historias de amor encantadoras, con situaciones cómicas y finales felices, llenando de alegría y suspiros al público.','urlImg'),
(14,'Acción','Llena de adrenalina y emociones intensas, presenta escenas de lucha, persecuciones y explosiones, con héroes valientes y villanos desafiantes.','urlImg'),
(15,'Comedia infantil','Dirigida a los más pequeños, ofrece diversión inocente, personajes carismáticos y situaciones cómicas que enseñan lecciones valiosas mientras hacen reír.','urlImg');

INSERT INTO `fechas` VALUES (1,'2023-07-01'),(2,'2023-07-19'),(3,'2023-07-12'),(4,'2023-08-11'),(5,'2023-08-26'),(6,'2023-10-15'),(7,'2024-04-17'),(8,'2023-06-09'),(9,'2024-01-19'),(10,'2023-10-09'),(11,'2023-11-14'),(12,'2023-11-22'),(13,'2024-01-13'),(14,'2023-10-25'),(15,'2024-01-02'),(16,'2023-07-23'),(17,'2023-08-28'),(18,'2023-08-10'),(19,'2024-03-26'),(20,'2023-12-19'),(21,'2023-09-04'),(22,'2023-09-30'),(23,'2023-12-16'),(24,'2023-07-14'),(25,'2023-05-29'),(26,'2024-02-06'),(27,'2024-05-08'),(28,'2023-12-21'),(29,'2024-03-16'),(30,'2024-04-12'),(31,'2023-12-02'),(32,'2024-02-21'),(33,'2024-03-13'),(34,'2024-02-05'),(35,'2023-05-22'),(36,'2024-04-29'),(37,'2024-04-23'),(38,'2024-04-24'),(39,'2023-11-09'),(40,'2023-05-30'),(41,'2024-01-30'),(42,'2023-07-29'),(43,'2024-02-09'),(44,'2024-05-19'),(45,'2024-04-22'),(46,'2023-11-08'),(47,'2023-10-01'),(48,'2024-04-28'),(49,'2024-03-02'),(50,'2023-05-21'),(51,'2023-05-20');
INSERT INTO `caracteristicas` (id,sala,modalidad,reparto,duracion,clasificacion,opciones_idioma,director)
VALUES
   (1, '3', '3D', 'Chris Pratt, Charlie Daym, Anya Taylor-Joy, Jack Black', '92', 'ATP', 'Ingles (Subtitulada Castellano)', 'Michael Jelenic'),
   (2, '1', '4D', 'Keanu Reeves,Donnie Yen,Bill Skarsgård,Ian McShane,Laurence Fishburne,Lance Reddick', '170', 'R', 'Ingles(Subtitulada castellano)', 'Chad Stahelski'),
   (3, '2', '2D', 'Vin Diesel,Michelle Rodriguez,Tyrese Gibson,Ludacris,John Cena,Nathalie Emmanuel,Jordana Brewster,Sung Kang,Jason Momoa', '142', 'PG-13', 'Castellano', 'Louis Leterrier'),
   (4, '3', '3D', 'Lily Sullivan,Alyssa Sutherland,Morgan Davies,Gabrielle Echols,Nell Fisher,Anna-Maree Thomas', '96', '16', 'Ingles (Subtitulada Castellano)', 'Lee Cronin'),
   (5, '4', '3D', 'Jorma Tommila,Aksel Hennie,Jack Doolan,Mimosa Willamo,Onni Tommila,Tatu Sinisalo', '91', 'K-16', 'Castellano', 'Jalmari Helander'),
   (6, '1', '4D', 'Chris Pratt,Zoe Saldaña,Dave Bautista,Karen Gillan,Pom Klementieff,Vin Diesel,Bradley Cooper', '150', 'PG-13', 'Ingles(Subtitulada castellano)', 'James Gunn'),
   (7, '3', '3D', 'Jennifer Lopez,Joseph Fiennes,Omari Hardwick,Gael García Bernal,Paul Raci', '115', 'R', 'Ingles (Subtitulada Castellano)', 'Niki Caro'),
   (8, '3', '3D', 'Russell Crowe,Daniel Zovatto,Alex Essoe,Franco Nero', '103', '16', 'Ingles (Subtitulada Castellano)', 'Julius Avery'),
   (9, '5', '4D', 'Chris Pine,Michelle Rodriguez,Regé-Jean Page,Justice Smith,Sophia Lillis', '134', 'PG-13', 'Castellano', 'Jonathan Goldstein'),
   (10, '2', '2D', 'Jake Gyllenhaal,Dar Salim,Antony Starr,Alexander Ludwig,Jonny Lee Miller', '123', 'R', 'Castellano', 'Guy Ritchie'),
   (11, '4', '3D', 'Brendan Fehr,Dolph Lundgren,Luke Wilson,Nicky Whelan,Scout Taylor-Compton', '93', 'R', 'Ingles (Subtitulada Castellano)', 'Shane Dax Taylor'),
   (12, '4', '3D', 'Shameik Moore,Hailee Steinfeld,Jake Johnson,Oscar Isaac,Issa Rae', '140', 'PG', 'Ingles (Subtitulada Castellano)', 'Kemp Powers'),
   (13, '2', '2D', 'Anthony Ramos,Dominique Fishback,Luna Lauren Velez,Dean Scott Vazquez,Tobe Nwigwe,Ron Perlman', '126', 'PG-13', 'Castellano', 'Steven Caple Jr.'),
   (14, '4', '3D', 'Halle Bailey,Jonah Hauer-King,Daveed Diggs,Awkwafina,Jacob Tremblay', '135', 'PG', 'Castellano','Rob Marshall'),
   (15, '5', '4D', 'Paul Rudd,Evangeline Lilly,Jonathan Majors,Kathryn Newton,Michelle Pfeiffer,Michael Douglas', '125', 'PG-13', 'Castellano', 'Peyton Reed'),
   (16, '3', '3D', 'Sam Worthington,Zoe Saldaña,Sigourney Weaver,Stephen Lang,Kate Winslet', '192', 'PG-13', 'Ingles (Subtitulada Castellano)', 'James Cameron'),
   (17, '1', '4D', 'Michael B. Jordan,Tessa Thompson,Jonathan Majors,Phylicia Rashād,Mila Davis-Kent', '116', 'PG-13', 'Ingles(Subtitulada castellano)', 'Michael B. Jordan'),
   (18, '1', '4D', 'Antonio Banderas,Salma Hayek,Harvey Guillén,Wagner Moura,Florence Pugh', '103', 'ATP', 'Ingles(Subtitulada castellano)', 'Joel Crawford');

INSERT INTO `peliculas` (id,titulo,trailer,descripcion,banner,portada,vigente,caracteristica_id)
VALUES 
(1,'The Super Mario Bros. Movie','https://www.youtube.com/watch?v=uSDMbe64zTg&ab_channel=UniversalSpain','Mientras trabajan en una avería subterránea, los fontaneros de Brooklyn, 
Mario y su hermano Luigi, viajan por una misteriosa tubería hasta un nuevo mundo mágico. 
Pero, cuando los hermanos se separan, Mario deberá emprender una épica misión para encontrar a Luigi.','https://image.tmdb.org/t/p/original/nLBRD7UPR6GjmWQp6ASAfCTaWKX.jp ',
'https://image.tmdb.org/t/p/original/zNKs1T0VZuJiVuhuL5GSCNkGdxf.jpg',1,1),
(2,'John Wick: Chapter 4','https://www.youtube.com/watch?v=L0anWmmd8TI','John Wick descubre un camino para derrotar a la Alta Mesa. Pero para poder ganar su libertad, Wick deberá enfrentarse a un nuevo rival con poderosas alianzas en todo el mundo, capaz de convertir a viejos amigos en enemigos.','https://image.tmdb.org/t/p/original/h8gHn0OzBoaefsYseUByqsmEDMY.jpg',
'https://image.tmdb.org/t/p/original/gh2bmprLtUQ8oXCSluzfqaicyrm.jpg',1,2),
(3,'Fast & Furious X','https://www.youtube.com/watch?v=FDhvbIqTQwI','Durante numerosas misiones más que imposibles, Dom Toretto y su familia han sido capaces de ser más listos, de tener más valor y de ir más rápido que cualquier enemigo que se cruzara con ellos. Pero ahora tendrán que enfrentarse al oponente más letal que jamás hayan conocido: un terrible peligro que resurge del pasado, que se mueve por una sangrienta sed de venganza y que está dispuesto a destrozar a la familia y destruir para siempre todo lo que a Dom le importa.','https://image.tmdb.org/t/p/original/4t0oBFrJyweYPt0hocW6RUa0b6H.jpg',
'https://image.tmdb.org/t/p/original/jmdi62j5uJV60EtYY8zsE1LRYEf.jpg',1,3),
(4,'Evil Dead Rise','https://www.youtube.com/watch?v=xedWpltgifc','Historia de dos hermanas separadas cuyo reencuentro se ve interrumpido por el surgimiento de demonios poseedores de carne, empujándolos a una batalla por la supervivencia mientras se enfrentan a la versión de familia más aterradora que se pueda imaginar. Secuela de la trilgía original de Evil Dead.','https://image.tmdb.org/t/p/original/aAgGrfBwna1nO4M2USxwFgK5O0t.jpg',
'https://image.tmdb.org/t/p/original/ioMtng0qHbwNjR1fuxYZsRf1kjm.jpg',1,4),
(5,'Sisu','https://www.youtube.com/watch?v=eGKnowI0Y8A','En lo profundo de la naturaleza salvaje de Laponia, Aatami Korpi está buscando oro, pero después de tropezar con una patrulla nazi, comienza una persecución impresionante y hambrienta de oro a través de la naturaleza salvaje de Laponia destruida y minada.','https://image.tmdb.org/t/p/original/nyZ8e7lRRwdF21NyydRIo0B9AXZ.jpg',
'https://image.tmdb.org/t/p/original/t9VXZkgcxpIwfPUKAWOOONs0vHv.jpg',1,5),
(6,'Guardians of the Galaxy Vol. 3','https://www.youtube.com/watch?v=56TaHRa5Ow0','Star-Lord, todavía recuperándose de la pérdida de Gamora, debe reunir a su equipo para defender el universo junto con la protección de uno de los suyos. Una misión que, si no se completa, podría llevar al final de los Guardianes tal como los conocemos.','https://image.tmdb.org/t/p/original/5YZbUmjbMa3ClvSW1Wj3D6XGolb.jpg',
'https://image.tmdb.org/t/p/original/voAxRv011XHK2qFBXmZKXPj2wWB.jpg',1,6),
(7,'The Mother','https://www.youtube.com/watch?v=Awmni5mbyWE','Una asesina mortal sale de su escondite para proteger a la hija a la que entregó años antes, mientras huía de hombres peligrosos.','https://image.tmdb.org/t/p/original/i1eghEBiC0gN4KnwuUGC2fNiX1f.jpg',
'https://image.tmdb.org/t/p/original/A8BXrFD0FIH2iVbOoTEw7DxnHCb.jpg',1,7),
(8,'El exorsismo del papa','https://www.youtube.com/watch?v=a-Cx7IE04sA','Película sobre Gabriele Amorth, un sacerdote que ejerció como exorcista principal del Vaticano, realizando más de cien mil exorcismos a lo largo de su vida. Amorth escribió dos libros de memorias donde detalló sus experiencias luchando contra Satanás.','https://image.tmdb.org/t/p/original/hiHGRbyTcbZoLsYYkO4QiCLYe34.jpg',
'https://image.tmdb.org/t/p/original/qcknZEeD71byJ3XSalDDZ5iHpNr.jpg',1,8),
(9,'Dungeons & Dragons: Honor Among Thieves','https://www.youtube.com/watch?v=uxeiOpiEj-A','Un ladrón encantador y una banda de aventureros increíbles emprenden un atraco épico para recuperar una reliquia perdida, pero las cosas salen rematadamente mal cuando se topan con las personas equivocadas. Adaptación cinematográfica del primer juego de rol de la historia, publicado por primera vez en 1974.','https://image.tmdb.org/t/p/original/oblUNeHlwV3VsjB5ITMlco5ZSOF.jpg',
'https://image.tmdb.org/t/p/original/6dW83oZuprt6mw1rIJrTJjuSVX3.jpg',1,9),
(10,'Guy Ritchies The Covenant','https://www.youtube.com/watch?v=02PPMPArNEQ','Después de una emboscada, el intérprete afgano Ahmed hace todo lo posible para salvar la vida del sargento del ejército estadounidense John Kinley. Cuando Kinley se entera de que a Ahmed y su familia no se les dio un pasaje seguro a Estados Unidos como prometieron, debe pagar su deuda regresando a la zona de guerra para recuperarlos antes de que los talibanes los persigan.','https://image.tmdb.org/t/p/original/eTvN54pd83TrSEOz6wbsXEJktCV.jpg',
'https://image.tmdb.org/t/p/original/jZy73aPYrwwhuc37ALgnJUCaTnK.jpg',1,10),
(11,'The Best Man','https://www.youtube.com/watch?v=fFrk7YkpAus','Los mercenarios toman el control de un hotel remoto durante una boda y depende del padrino, el novio y su mejor amigo borracho detener a los terroristas y salvar a los rehenes.','https://image.tmdb.org/t/p/original/wIb43RlPf5iYeoBAYIfxfhpE8NI.jpg',
'https://image.tmdb.org/t/p/original/c9f6mFZqkyz4AD0sxGmynE1pe0v.jpg',1,11),
(12,'Spider-Man: Across the Spider-Verse','https://www.youtube.com/watch?v=n0sZgOBah28','Miles Morales regresa para una aventura épica que transportará al amigable vecino de Brooklyn Spider-Man a través del Multiverso para unir fuerzas con Gwen Stacy y un nuevo equipo de Spider-People, y enfrentarse así a un villano mucho más poderoso que cualquier cosa que hayan conocido antes.','https://image.tmdb.org/t/p/original/2I5eBh98Q4aPq8WdQrHdTC8ARhY.jpg',
'https://image.tmdb.org/t/p/original/qqXTerrQYwg9pIMhb1GFbxa3WUz.jpg',1,12),
(13,'Transformers: Rise of the Beasts','https://www.youtube.com/watch?v=lLVmLJdRZJQ','La batalla en la Tierra ya no es solo entre Autobots y Decepticons... Maximals, Predacons y Terrorcons se unen a Transformers: Rise of the Beasts.','https://image.tmdb.org/t/p/original/rH3jY9JN9krUyE0Q3WLNtujMs8.jpg',
'https://image.tmdb.org/t/p/original/3oypSaTizrfBbpIeRs8tTOF2EqV.jpg',1,13),
(14,'La sirenita','https://www.youtube.com/watch?v=iEjJMpzzfMc','Ariel es una joven y soñadora sirena, hija del Rey Tritón, que está cansada de su vida como princesa bajo el mar. Su mayor deseo es abandonar el fondo marino y tener una vida normal y apacible en la superficie. La bruja Úrsula descubre su anhelo y, por eso, a cambio de su preciosa voz le ofrece un cuerpo totalmente humano. Ariel acepta, movida por su pasión por conocer el mundo terrestre y porque está enamorada de un apuesto príncipe humano. Pero las cosas no serán fáciles para Ariel, ya que la bruja Úrsula esconde oscuras intenciones.','https://image.tmdb.org/t/p/original/pbMbDlOAkVuvnxovBA2ENin59xH.jpg',
'https://image.tmdb.org/t/p/original/goX6Pcb7fugl9ADfg3Ns1OnuIYY.jpg',1,14),
(15,'Ant-Man and the Wasp: Quantumania','https://www.youtube.com/watch?v=Uzoud5nQWdU','La pareja de superhéroes Scott Lang y Hope van Dyne regresa para continuar sus aventuras como Ant-Man y la Avispa. Los dos, junto a los padres de Hope, Hank Pym y Janet van Dyne y la hija de Scott, Cassie Lang, se dedican a explorar el Mundo Cuántico, interactuando con nuevas y extrañas criaturas y embarcándose en una aventura que les llevará más allá de los límites de lo que creían posible.','https://image.tmdb.org/t/p/original/m8JTwHFwX7I7JY5fPe4SjqejWag.jpg',
'https://image.tmdb.org/t/p/original/lKHy0ntGPdQeFwvNq8gK1D0anEr.jpg',1,15),
(16,'Avatar: The Way of Water','https://www.youtube.com/watch?v=xboEeqWpDHA','Ambientada más de una década después de los acontecimientos de la primera película, Avatar: The Way of Water empieza contando la historia de la familia Sully (Jake, Neytiri y sus hijos), los problemas que los persiguen, lo que tienen que hacer para mantenerse a salvo, las batallas que libran para seguir con vida y las tragedias que sufren.','https://image.tmdb.org/t/p/original/suw8eyL3YwE4wfzPQ0cLR02k0Gh.jpg',
'https://image.tmdb.org/t/p/original/bqOqQ2Tawum3eHKNrc94P4EeaZB.jpg',1,16),
(17,'Creed III','https://www.youtube.com/watch?v=IeZ5xDv3w6A','Después de dominar el mundo del boxeo, Adonis Creed ha prosperado tanto en su carrera como en su vida familiar. Cuando un amigo de la infancia y ex prodigio de boxeo, Damien Anderson, resurge después de cumplir una larga sentencia en prisión, está ansioso por demostrar que merece su disparo en el ring. El enfrentamiento entre los antiguos amigos es más que una pelea. Para resolver el puntaje, Adonis debe poner su futuro en la línea para luchar contra Damien, un luchador que no tiene nada que perder.','https://image.tmdb.org/t/p/original/5i6SjyDbDWqyun8klUuCxrlFbyw.jpg',
'https://image.tmdb.org/t/p/original/fcFMd3HdyX7r5gtFwVnn2qr5Yhq.jpg',1,17),
(18,'El Gato con Botas: El último deseo','https://www.youtube.com/watch?v=QaiUm8jNiCk','El Gato con Botas se embarca en un viaje épico para encontrar al mítico Último Deseo y recuperar sus nueve vidas.','https://image.tmdb.org/t/p/original/jr8tSoJGj33XLgFBy6lmZhpGQNu.jpg',
'https://image.tmdb.org/t/p/original/lyP4WNmUiiOgl4g2z7ywE0z6SGF.jpg',1,18);




INSERT INTO `imagenes` (id,imagen,pelicula_id)
VALUES (DEFAULT,'https://image.tmdb.org/t/p/original/nHFrZtGViNPW0rfd7Wy6SyyuZAg.jpg',1),
(DEFAULT,'https://image.tmdb.org/t/p/original/xJOGySkcBkk2MHYWzJOZxJNJZfJ.jpg',1),
(DEFAULT,'https://image.tmdb.org/t/p/original/6rZwcXHfIbVc7UEPqr6my45GF3D.jpg',1),
(DEFAULT,'https://image.tmdb.org/t/p/original/8A9eIfTN0HR9wBGkgfyIijfU8ET.jpg',1),
(DEFAULT,'https://image.tmdb.org/t/p/original/6Fr8xbEmQe9XXmuoNi5atUxoa5U.png',1),
(DEFAULT,'https://image.tmdb.org/t/p/original/mkn6YIrW1gRydDlF9GP2imQEdBI.png',1),
(DEFAULT,'https://image.tmdb.org/t/p/original/zNKs1T0VZuJiVuhuL5GSCNkGdxf.jpg',1),
(DEFAULT,'https://image.tmdb.org/t/p/original/gh2bmprLtUQ8oXCSluzfqaicyrm.jpg',2),
(DEFAULT,'https://image.tmdb.org/t/p/original/mj2Z9HnRSIEk3n7yVPoOY4Uzzfh.jpg',2),
(DEFAULT,'https://image.tmdb.org/t/p/original/xesn2yqNvezKyMXon8Aam4QZane.jpg',2),
(DEFAULT,'https://image.tmdb.org/t/p/original/ctIFaO3gGbllHlHGm5rPBqtJ83u.jpg',2),
(DEFAULT,'https://image.tmdb.org/t/p/original/eYZKnp1cUHxtcerZdaOnOXEhkmd.jpg',2),
(DEFAULT,'https://image.tmdb.org/t/p/original/i8dshLvq4LE3s0v8PrkDdUyb1ae.jpg',2),
(DEFAULT,'https://image.tmdb.org/t/p/original/a856YVyfp73MmR0VDR5SvxD9U9l.jpg',2),
(DEFAULT,'https://image.tmdb.org/t/p/original/5XsuFCL8yK8vz88YlZbcschVvby.jpg',3),
(DEFAULT,'https://image.tmdb.org/t/p/original/4t0oBFrJyweYPt0hocW6RUa0b6H.jpg',3),
(DEFAULT,'https://image.tmdb.org/t/p/original/fI5RsaM0NSU6TqztRhA2pal5ezv.jpg',3),
(DEFAULT,'https://image.tmdb.org/t/p/original/hVUPsfrr8v70t9q7ArmihGa7Rvo.jpg',3),
(DEFAULT,'https://image.tmdb.org/t/p/original/8UkYotdREQ0l2lJpDzzIrmgfaYm.jpg',3),
(DEFAULT,'https://image.tmdb.org/t/p/original/27u4kBGGOQLqizEudJAOWMkvhip.jpg',3),
(DEFAULT,'https://image.tmdb.org/t/p/original/e2Jd0sYMCe6qvMbswGQbM0Mzxt0.jpg',3),
(DEFAULT,'https://image.tmdb.org/t/p/original/aAgGrfBwna1nO4M2USxwFgK5O0t.jpg',4),
(DEFAULT,'https://image.tmdb.org/t/p/original/cJcHgjNQ9AL7ykwS2GdUDjGHel5.jpg',4),
(DEFAULT,'https://image.tmdb.org/t/p/original/7bWxAsNPv9CXHOhZbJVlj2KxgfP.jpg',4),
(DEFAULT,'https://image.tmdb.org/t/p/original/vppGIY6C0OJiWyc8z2oxTrlp3vd.jpg',4),
(DEFAULT,'https://image.tmdb.org/t/p/original/f9J9G1uznSOOBYUdAPpV6jZgyeu.jpg',4),
(DEFAULT,'https://image.tmdb.org/t/p/original/sFGENDTUNOuDbVufxksCkrDtuaT.jpg',4),
(DEFAULT,'https://image.tmdb.org/t/p/original/zTabfi86YfJlaYoUW2cHztakJB1.jpg',4),
(DEFAULT,'https://image.tmdb.org/t/p/original/nyZ8e7lRRwdF21NyydRIo0B9AXZ.jpg',5),
(DEFAULT,'https://image.tmdb.org/t/p/original/94TIUEhuwv8PhdIADEvSuwPljS5.jpg',5),
(DEFAULT,'https://image.tmdb.org/t/p/original/aKBl2YIVTQHuIDDkaqQn4OoVISn.jpg',5),
(DEFAULT,'https://image.tmdb.org/t/p/original/zLWbf4JagbUfue0PWVOVzAQD1JA.jpg',5),
(DEFAULT,'https://image.tmdb.org/t/p/original/uFLzSk7Tmqwrer4OIMnErZx6w92.jpg',5),
(DEFAULT,'https://image.tmdb.org/t/p/original/21Xwwch4GyA0MbHNE4b79Rt0zkK.jpg',5),
(DEFAULT,'https://image.tmdb.org/t/p/original/qUfqgX09N2bu4dusAlP72bBYHPO.jpg',5),
(DEFAULT,'https://image.tmdb.org/t/p/original/51vreLbrGwzAg4WRCHgitWz6Naw.jpg',6),
(DEFAULT,'https://image.tmdb.org/t/p/original/5YZbUmjbMa3ClvSW1Wj3D6XGolb.jpg',6),
(DEFAULT,'https://image.tmdb.org/t/p/original/g7p6k4XsYbvKZllMqCtMTb7mdO4.jpg',6),
(DEFAULT,'https://image.tmdb.org/t/p/original/9QlpS2v3lgT6S310QglSky5Ws0P.jpg',6),
(DEFAULT,'https://image.tmdb.org/t/p/original/ejz14Xwvftn8vCTA0dAh5rlGOmU.jpg',6),
(DEFAULT,'https://image.tmdb.org/t/p/original/q3IK7KJPdfl8AeJnBvB1AQbIhBM.jpg',6),
(DEFAULT,'https://image.tmdb.org/t/p/original/7TUp4uKIaX9c2TAZLPwjty5A0EP.jpg',6),
(DEFAULT,'https://image.tmdb.org/t/p/original/i1eghEBiC0gN4KnwuUGC2fNiX1f.jpg',7),
(DEFAULT,'https://image.tmdb.org/t/p/original/n5NSF8wZeWQHHZtuWgbRAVpqXFR.jpg',7),
(DEFAULT,'https://image.tmdb.org/t/p/original/pEeAZXVUiA2CoqZk0cjrZUafVB8.jpg',7),
(DEFAULT,'https://image.tmdb.org/t/p/original/v3Xjb8Nhf2CLC3MQr9a6rXmvQG6.jpg',7),
(DEFAULT,'https://image.tmdb.org/t/p/original/s1Nqc1JZppdaqYWzKS24H1dAOF.jpg',7),
(DEFAULT,'https://image.tmdb.org/t/p/original/yTQTnYnnpWMbihlT66P7UMnyP7n.jpg',7),
(DEFAULT,'https://image.tmdb.org/t/p/original/iyNkdZkC3ncIBSG4a6FZ0LGAuQM.jpg',7),
(DEFAULT,'https://image.tmdb.org/t/p/original/hiHGRbyTcbZoLsYYkO4QiCLYe34.jpg',8),
(DEFAULT,'https://image.tmdb.org/t/p/original/2EL6QrQmUt2ntBXjuHO4KsEfaoU.jpg',8),
(DEFAULT,'https://image.tmdb.org/t/p/original/4n6pKjKlrDApwlw7k36MkcQHgc9.jpg',8),
(DEFAULT,'https://image.tmdb.org/t/p/original/7Ec1A3XTxtO653F07dPYmEDd3is.jpg',8),
(DEFAULT,'https://image.tmdb.org/t/p/original/1aoOjx1MHQPhYydNDT4VlEvWTU9.jpg',8),
(DEFAULT,'https://image.tmdb.org/t/p/original/3oqmk6mNWPatBKcjOOJLp5WW9zN.jpg',8),
(DEFAULT,'https://image.tmdb.org/t/p/original/2E9TDlzE49upmZL22ed5rG5ii2y.jpg',8),
(DEFAULT,'https://image.tmdb.org/t/p/original/oblUNeHlwV3VsjB5ITMlco5ZSOF.jpg',9),
(DEFAULT,'https://image.tmdb.org/t/p/original/2rVkDZFLN6DI5PAoraoe9m4IRMN.jpg',9),
(DEFAULT,'https://image.tmdb.org/t/p/original/AdBXP8e6K3FYdDrMx3Wr6WZqCYF.jpg',9),
(DEFAULT,'https://image.tmdb.org/t/p/original/cWDWUkIR22FSlxokhaNrT6jqX3n.jpg',9),
(DEFAULT,'https://image.tmdb.org/t/p/original/yJpI96EX54KbM6W9wPizYSNP8Tv.jpg',9),
(DEFAULT,'https://image.tmdb.org/t/p/original/bqMWZ5hB7bcI1KK2TH29odwCgWX.jpg',9),
(DEFAULT,'https://image.tmdb.org/t/p/original/20uHjZ4yCPD2x0ndcxZaxM7hLIy.jpg',9),
(DEFAULT,'https://image.tmdb.org/t/p/original/eTvN54pd83TrSEOz6wbsXEJktCV.jpg',10),
(DEFAULT,'https://image.tmdb.org/t/p/original/xVA38vyOf1m8ZEzfyyuyZsWdmTB.jpg',10),
(DEFAULT,'https://image.tmdb.org/t/p/original/nReOZSuYXsZHayhONqcMDzt6sPH.jpg',10),
(DEFAULT,'https://image.tmdb.org/t/p/original/rgwU6f5eiiATbrBqVB8WXgsVV30.jpg',10),
(DEFAULT,'https://image.tmdb.org/t/p/original/duvFKLMbUAnSfCs2qnPJ8B0sSWo.jpg',10),
(DEFAULT,'https://image.tmdb.org/t/p/original/tQUMGWbH9RpYnbKjszRFReHCI5z.jpg',10),
(DEFAULT,'https://image.tmdb.org/t/p/original/vnPTLSBk95XKdahOaMkTlAck5Rc.jpg',10),
(DEFAULT,'https://image.tmdb.org/t/p/original/wIb43RlPf5iYeoBAYIfxfhpE8NI.jpg',11),
(DEFAULT,'https://image.tmdb.org/t/p/original/bhUJAXZ5HVRfwwpeR7rPxEtmhqz.jpg',11),
(DEFAULT,'https://image.tmdb.org/t/p/original/251ECTz6UWqbocZ0QQtixazjVHR.jpg',11),
(DEFAULT,'https://image.tmdb.org/t/p/original/erCDpY6ALciR1vWUtVJgEzvRSyh.jpg',11),
(DEFAULT,'https://image.tmdb.org/t/p/original/qRGHIXnZS39hSa9CPrIdTITu63H.jpg',11),
(DEFAULT,'https://image.tmdb.org/t/p/original/tnWN6unEZz5LsJ9HSAukVlwOmux.jpg',11),
(DEFAULT,'https://image.tmdb.org/t/p/original/iMFDe2gWK2VbKewoD3PhNRZmypD.png',11),
(DEFAULT,'https://image.tmdb.org/t/p/original/2I5eBh98Q4aPq8WdQrHdTC8ARhY.jpg',12),
(DEFAULT,'https://image.tmdb.org/t/p/original/bpvjzk0QXbJPV4wVwrHuYiq1TbP.jpg',12),
(DEFAULT,'https://image.tmdb.org/t/p/original/9xfDWXAUbFXQK585JvByT5pEAhe.jpg',12),
(DEFAULT,'https://image.tmdb.org/t/p/original/fmNeiPNzjUbN2FY0d4Q9GnfyHsp.jpg',12),
(DEFAULT,'https://image.tmdb.org/t/p/original/jS4z8y70ESrZwmFJubqYuceFtnX.jpg',12),
(DEFAULT,'https://image.tmdb.org/t/p/original/p4PbmHbGmCVuTSF6Q3auZheXcm9.jpg',12),
(DEFAULT,'https://image.tmdb.org/t/p/original/i3fnrJR5SOLqropUaByIv9fvlMK.jpg',12),
(DEFAULT,'https://image.tmdb.org/t/p/original/rH3jY9JN9krUyE0Q3WLNtujMs8.jpg',13),
(DEFAULT,'https://image.tmdb.org/t/p/original/oSNFLkwT7RFf8e5XCUZVH5xsuO0.jpg',13),
(DEFAULT,'https://image.tmdb.org/t/p/original/woJbg7ZqidhpvqFGGMRhWQNoxwa.jpg',13),
(DEFAULT,'https://image.tmdb.org/t/p/origina/A3uMobzyLpvquw1oYbaP9BNMgaS.jpgl',13),
(DEFAULT,'https://image.tmdb.org/t/p/original/bVhhmoo2w9HKMmjV3gPehWjDTcO.jpg',13),
(DEFAULT,'https://image.tmdb.org/t/p/original/8Z9e3UtUojzQRBDns9hCLxWyZhX.png',13),
(DEFAULT,'https://image.tmdb.org/t/p/original/zX2iimO7CMwyw0qPfmYyEcmVfMD.png',13),
(DEFAULT,'https://image.tmdb.org/t/p/original/pbMbDlOAkVuvnxovBA2ENin59xH.jpg',14),
(DEFAULT,'https://image.tmdb.org/t/p/original/1ySuP1UAiVj7QDnQwivJkSZNTxH.jpg',14),
(DEFAULT,'https://image.tmdb.org/t/p/original/nLsAjHPnc5LnvUo5i9qlo7DeaZu.jpg',14),
(DEFAULT,'https://image.tmdb.org/t/p/original/hJoMSAltRx5xvlAXvKyDdugjucJ.jpg',14),
(DEFAULT,'https://image.tmdb.org/t/p/original/1IM8i8HiomFC4y6NRyBuDrHJWg3.jpg',14),
(DEFAULT,'https://image.tmdb.org/t/p/original/qeAbT8tMlwBGcvcpQdq8fezJYxN.jpg',14),
(DEFAULT,'https://image.tmdb.org/t/p/original/vPzFgnBZYv8vZ24QFMUxC1aS1My.jpg',14),
(DEFAULT,'https://image.tmdb.org/t/p/original/m8JTwHFwX7I7JY5fPe4SjqejWag.jpg',15),
(DEFAULT,'https://image.tmdb.org/t/p/original/9Hk9qdCyce04VXNQuDXAK1d138E.jpg',15),
(DEFAULT,'https://image.tmdb.org/t/p/original/bER3pab1V6HMteb0Uho5fWAZeHZ.jpg',15),
(DEFAULT,'https://image.tmdb.org/t/p/original/xCa7gIEAIy66S2LSaME90QJEWHm.jpg',15),
(DEFAULT,'https://image.tmdb.org/t/p/original/bq5NtexM3ZPPjsRD3ltE4fG7PBB.jpg',15),
(DEFAULT,'https://image.tmdb.org/t/p/original/8q9k9yENMtpvtDTQgBZMRXyhnqp.jpg',15),
(DEFAULT,'https://image.tmdb.org/t/p/original/pIESEKTaiOMWbeHDfa9xGIYcfnb.jpg',15),
(DEFAULT,'https://image.tmdb.org/t/p/original/suw8eyL3YwE4wfzPQ0cLR02k0Gh.jpg',16),
(DEFAULT,'https://image.tmdb.org/t/p/original/8rpDcsfLJypbO6vREc0547VKqEv.jpg',16),
(DEFAULT,'https://image.tmdb.org/t/p/original/rZAUAePCueGzTdDzRQe9wD8x1Ov.jpg',16),
(DEFAULT,'https://image.tmdb.org/t/p/original/2fS9cpar9rzxixwnRptg4bGmIym.jpg',16),
(DEFAULT,'https://image.tmdb.org/t/p/original/s16H6tpK2utvwDtzZ8Qy4qm5Emw.jpg',16),
(DEFAULT,'https://image.tmdb.org/t/p/original/fkGR1ltNbvERk3topo4dP3gWsvR.jpg',16),
(DEFAULT,'https://image.tmdb.org/t/p/original/evaFLqtswezLosllRZtJNMiO1UR.jpg',16),
(DEFAULT,'https://image.tmdb.org/t/p/original/5i6SjyDbDWqyun8klUuCxrlFbyw.jpg',17),
(DEFAULT,'https://image.tmdb.org/t/p/original/rV54txX9Whz7o66qoPz0VDLTvUU.jpg',17),
(DEFAULT,'https://image.tmdb.org/t/p/original/x6h9sm7dIz7EjEZNCzKZb9tMlzP.jpg',17),
(DEFAULT,'https://image.tmdb.org/t/p/original/8QsVX5C82mT7bB5sVsjsLcerWQK.jpg',17),
(DEFAULT,'https://image.tmdb.org/t/p/original/n8RJe8bgpTfnWbIL1ZhH6U3JarV.jpg',17),
(DEFAULT,'https://image.tmdb.org/t/p/original/26YLjaC1udGEmSvlM1P5eBGWO5h.jpg',17),
(DEFAULT,'https://image.tmdb.org/t/p/original/xp4j8PiGCVF8fPmyw2VLln0VCxo.jpg',17),
(DEFAULT,'https://image.tmdb.org/t/p/original/jr8tSoJGj33XLgFBy6lmZhpGQNu.jpg',18),
(DEFAULT,'https://image.tmdb.org/t/p/original/ouB7hwclG7QI3INoYJHaZL4vOaa.jpg',18),
(DEFAULT,'https://image.tmdb.org/t/p/original/vOL1LE7BHaLfHhgssZr9a9jrtEC.jpg',18),
(DEFAULT,'https://image.tmdb.org/t/p/original/tGwO4xcBjhXC0p5qlkw37TrH6S6.jpg',18),
(DEFAULT,'https://image.tmdb.org/t/p/original/faXT8V80JRhnArTAeYXz0Eutpv9.jpg',18),
(DEFAULT,'https://image.tmdb.org/t/p/original/r9PkFnRUIthgBp2JZZzD380MWZy.jpg',18),
(DEFAULT,'https://image.tmdb.org/t/p/original/b1Y8SUb12gPHCSSSNlbX4nB3IKy.jpg',18);

INSERT INTO `pelicula_categoria` VALUES (1,6),(1,4),(1,5),(1,8),(2,14),(2,1),(3,14),(3,1),(4,2),(4,1),(5,14),(6,14),(6,4),(6,11),(7,14),(7,1),(8,1),(8,2),(9,4),(9,5),(9,12),(10,1),(10,14)
,(11,1),(11,14),(12,14),(12,4),(12,11),(13,14),(13,4),(13,11),(14,4),(14,6),(14,5),(14,7),(15,14),(15,4),(15,11),(16,14),(16,4),(16,11),(17,14),(17,3),(18,6),(18,5),(18,4),(18,12);
INSERT INTO `pelicula_fecha` VALUES (1,1),(1,2),(1,3),(2,4),(15,4),(2,5),(15,5),(2,6),(15,6),(3,7),(18,7),(3,8),(4,8),(7,8),(16,8),(17,8),(13,8),(3,9),(16,9),(4,10),(17,10),(4,11),(17,11),(2,12),(1,12),(5,13),(2,13),(3,13),(5,14),(4,14),(6,15),(5,15),(8,15),(6,16),(9,16),(6,17),(11,17),(7,18),(14,18),(7,19),(1,19),(7,20),(11,20),(8,21),(8,22),(13,22),(8,23),(9,24),(9,25),(9,26),(10,27),(10,28),(10,29),(11,29),(11,30),(12,31),(12,32),(12,33),(13,34),(13,35),(12,36),(11,37),(10,38),(9,39),(8,40),(7,41),(6,42),(5,43),(4,44),(3,45),(2,46),(1,47),(12,48),(11,49),(13,50),(17,50),(18,51);

INSERT INTO `db_proyectointegrador`.`roles` (`id`,`nombre`)VALUES(1,"ADMIN"),(2,"USER");
INSERT INTO `db_proyectointegrador`.`usuarios` (`id`,`activo`,`apellido`,`email`,`nombre`,`password`)VALUES(1,1,"GRUPO9","admin@grupo9.com","ADMIN","admin");
INSERT INTO `db_proyectointegrador`.`usuarios_roles` (`usuario_id`,`role_id`) VALUES (1,1);